﻿<?xml version="1.0" encoding="utf-8"?>
<publishData>
  <publishProfile publishUrl="Z:\Temp\test" deleteExistingFiles="False" ftpAnonymousLogin="False" ftpPassiveMode="True" msdeploySite="" msdeploySiteID="" msdeployRemoteSitePhysicalPath="" msdeployAllowUntrustedCertificate="False" msdeploySkipExtraFilesOnServer="True" msdeployMarkAsApp="False" profileName="Profile1" publishMethod="FileSystem" replaceMatchingFiles="True" userName="" savePWD="False" userPWD="" SelectedForPublish="True">
    <file relUrl="Web.config" publishTime="06/15/2012 19:25:25" />
    <file relUrl="bin/Admin.Services.dll" publishTime="06/15/2012 19:13:12" />
    <file relUrl="bin/Admin.Interfaces.dll" publishTime="06/15/2012 18:47:53" />
    <file relUrl="bin/Admin.Library.dll" publishTime="06/15/2012 15:28:31" />
    <file relUrl="bin/Admin.dll" publishTime="06/15/2012 19:25:21" />
    <file relUrl="bin/Admin.Interfaces.pdb" publishTime="06/15/2012 18:47:53" />
    <file relUrl="Scripts/jquery-1.4.1.js" publishTime="06/15/2012 11:32:14" />
    <file relUrl="bin/Admin.DataContract.dll" publishTime="06/15/2012 18:47:52" />
    <file relUrl="bin/Admin.Library.pdb" publishTime="06/15/2012 15:28:31" />
    <file relUrl="Articles.aspx" publishTime="06/15/2012 18:42:52" />
    <file relUrl="bin/Admin.DataContract.pdb" publishTime="06/15/2012 18:47:52" />
    <file relUrl="bin/Admin.Services.pdb" publishTime="06/15/2012 19:13:12" />
    <file relUrl="bin/Admin.pdb" publishTime="06/15/2012 19:25:21" />
    <file relUrl="Article.aspx" publishTime="06/15/2012 18:35:00" />
    <file relUrl="Default.aspx" publishTime="06/15/2012 17:28:32" />
    <file relUrl="Scripts/jquery-1.4.1.min.js" publishTime="06/15/2012 11:32:14" />
    <file relUrl="bin/Telerik.Web.UI.dll" publishTime="08/04/2011 16:05:51" />
    <file relUrl="Scripts/jquery-1.4.1-vsdoc.js" publishTime="06/15/2012 11:32:14" />
  </publishProfile>
</publishData>